{"dvals": [-0.025, -0.023, -0.021, -0.019000000000000003, -0.017, -0.015000000000000001, -0.013000000000000001, -0.011000000000000001, -0.009000000000000001, -0.006999999999999999, -0.005000000000000001, -0.0030000000000000027, -0.0010000000000000009, 0.0010000000000000009, 0.002999999999999999, 0.0049999999999999975, 0.006999999999999999, 0.009000000000000001, 0.011000000000000003, 0.012999999999999998, 0.015, 0.017, 0.018999999999999996, 0.020999999999999998, 0.023, 0.025], "contrast": [0.012177335523215446, 0.02242891460502166, 0.0028051622167972086, 0.05268304927161941, 0.19071758282789017, 0.3081407238745682, 0.2738129191414555, 0.042031742554892476, 0.1878659094940812, 0.2790765514087039, 0.19520960934519835, 0.062005714565162025, 0.018416419366141606, 0.014350810984935203, 0.056436762632826536, 0.19377037727911342, 0.28908319878602656, 0.21479089563801945, 0.009891258403445813, 0.24370632936025347, 0.2994066324990075, 0.19688525428126133, 0.060382309826498254, 0.002762988021471613, 0.012817795066616622, 0.010122628491416286], "frequency": [1160.7868196942748, 1097.8003903218769, 992.3896304500823, 900.0522919275596, 805.0725223841441, 710.3449149723913, 615.3278593203298, 520.7074019816505, 426.00086877538314, 331.34818316989606, 236.7182717005505, 143.79391664930898, 39.12599602555153, 64.95277425762747, 142.4813506539933, 236.38515096817002, 331.77311874223096, 426.1290817938429, 522.7409807875724, 615.9374973351969, 710.1621761158989, 805.4320813436517, 900.1406398239933, 1001.8090617461697, 1091.3089663642288, 1198.6532593042361]}