{"dvals": [-0.025, -0.023, -0.021, -0.019000000000000003, -0.017, -0.015000000000000001, -0.013000000000000001, -0.011000000000000001, -0.009000000000000001, -0.006999999999999999, -0.005000000000000001, -0.0030000000000000027, -0.0010000000000000009, 0.0010000000000000009, 0.002999999999999999, 0.0049999999999999975, 0.006999999999999999, 0.009000000000000001, 0.011000000000000003, 0.012999999999999998, 0.015, 0.017, 0.018999999999999996, 0.020999999999999998, 0.023, 0.025], "contrast": [0.0691705800065067, 0.07807638822629388, 0.10502164190042776, 0.12426856449158008, 0.14800703767868187, 0.17479167912197235, 0.19512364128348297, 0.20681568291506416, 0.20035478255262862, 0.17593395046421667, 0.12388650345783785, 0.05811656526203761, 0.025276687547674793, 0.007873194953179412, 0.06829282541384504, 0.12648751610210976, 0.17382102643758987, 0.20075160808509304, 0.2077088737344702, 0.1969912473454468, 0.17171136875976964, 0.14563876574034323, 0.1277613620269376, 0.10237723502086997, 0.08198705605665799, 0.06704203636026275], "frequency": [1184.2086702194026, 1089.5882047785685, 993.0717809484539, 900.1232114787143, 805.0134298919894, 710.2299335701723, 615.4223382054637, 520.7595256075792, 426.1868375498516, 331.1532738587578, 235.68685014655819, 141.85389669130447, 44.268574153796486, 46.151470374308715, 141.40988146277834, 236.4874689056694, 331.36981784999006, 426.2454365639863, 520.9494452616989, 615.3435326372932, 710.2955382644727, 805.0484134327957, 899.3330793545073, 992.4860442646589, 1089.6484414856375, 1183.41984129772]}