{"dvals": [0.007, 0.0075, 0.008, 0.0085, 0.009000000000000001, 0.0095, 0.01, 0.0105, 0.011, 0.0115, 0.012, 0.0125, 0.013000000000000001, 0.013500000000000002, 0.014, 0.014499999999999999, 0.015, 0.0155, 0.016], "contrast": [0.23205861106630707, 0.25195262392852397, 0.2700391135127308, 0.2754174885100079, 0.30563490737608845, 0.3154579554482582, 0.324915983521167, 0.3326073612125626, 0.32634237511143294, 0.32126451403537826, 0.33349741027955265, 0.34302476280202043, 0.30893428571812426, 0.2925761355589966, 0.3008367191869072, 0.28910315322169183, 0.2905020524287443, 0.24492044094590687, 0.25312621721022704], "frequency": [975.2035820454189, 1046.5367542214653, 1114.0279043861744, 1183.0073039235263, 1254.0702412058447, 1324.7071275304666, 1394.923959619967, 1463.0096313697013, 1532.9096522625282, 1601.5447692767623, 1672.6791335848068, 1741.4825976265759, 1811.948845684844, 1881.1385249412158, 1951.008286800701, 2020.5307905616382, 2091.8687370518373, 2161.6216244811503, 2229.9502378515904]}