{"dvals": [0.007, 0.0075, 0.008, 0.0085, 0.009000000000000001, 0.0095, 0.01, 0.0105, 0.011, 0.0115, 0.012, 0.0125, 0.013000000000000001, 0.013500000000000002, 0.014, 0.014499999999999999, 0.015, 0.0155, 0.016], "contrast": [0.11255657883557817, 0.12315389052461505, 0.1330593096360999, 0.14209816038171624, 0.15011289840575995, 0.1569658311135837, 0.16254141127268332, 0.1667480631364478, 0.16951951062672876, 0.170815587925662, 0.1706225239274967, 0.16895270314177788, 0.16584391657623296, 0.1613581266246284, 0.15557977981781043, 0.14861371025873343, 0.14058268447006703, 0.13162464507733762, 0.12188971610195252], "frequency": [975.4738015607581, 1045.1505016722408, 1114.8272017837235, 1184.5039018952064, 1254.180602006689, 1323.8573021181717, 1393.5340022296543, 1463.2107023411372, 1532.8874024526197, 1602.5641025641025, 1672.2408026755852, 1741.9175027870683, 1811.5942028985507, 1881.2709030100336, 1950.9476031215163, 2020.624303232999, 2090.3010033444816, 2159.9777034559643, 2229.654403567447]}