{"dvals": [-0.025, -0.023, -0.021, -0.019000000000000003, -0.017, -0.015000000000000001, -0.013000000000000001, -0.011000000000000001, -0.009000000000000001, -0.006999999999999999, -0.005000000000000001, -0.0030000000000000027, -0.0010000000000000009, 0.0010000000000000009, 0.002999999999999999, 0.0049999999999999975, 0.006999999999999999, 0.009000000000000001, 0.011000000000000003, 0.012999999999999998, 0.015, 0.017, 0.018999999999999996, 0.020999999999999998, 0.023, 0.025], "contrast": [0.07732346437419503, 0.10348299931742641, 0.11415385945714149, 0.13458502086997626, 0.1641781476185308, 0.19618035389060764, 0.22263873778535798, 0.2155458851693259, 0.22309959672369173, 0.19009154062151495, 0.14412931563794637, 0.07413364594208585, 0.9954075097364956, 0.015823538836194084, 0.06910982002631703, 0.13836415517229508, 0.18814865162789782, 0.22036494273197826, 0.2229174172790767, 0.21479496993347713, 0.18799078081026657, 0.1604295530424318, 0.12974993492040338, 0.10967061731366287, 0.08022789665087729, 0.09274321056771517], "frequency": [1182.8951369577653, 1084.4928276733083, 998.7942410158352, 897.4564858163286, 804.5236485180769, 709.4755091323592, 615.7187610015164, 521.6847206838355, 426.30833525968353, 330.69784523398, 237.67705547456242, 140.85137466631315, 0.48525548473810964, 46.64855224610279, 138.98055016452815, 236.28451989974374, 330.35050536758564, 425.8724322841366, 521.820641009707, 614.8880626478385, 709.3231188052634, 804.5967958591219, 900.3595772068703, 993.7984404307414, 1091.0009599562854, 1181.4734691065753]}