{"dvals": [-0.025, -0.023, -0.021, -0.019000000000000003, -0.017, -0.015000000000000001, -0.013000000000000001, -0.011000000000000001, -0.009000000000000001, -0.006999999999999999, -0.005000000000000001, -0.0030000000000000027, -0.0010000000000000009, 0.0010000000000000009, 0.002999999999999999, 0.0049999999999999975, 0.006999999999999999, 0.009000000000000001, 0.011000000000000003, 0.012999999999999998, 0.015, 0.017, 0.018999999999999996, 0.020999999999999998, 0.023, 0.025], "contrast": [0.0237209674518991, 0.009955904598927291, 0.006646914752386759, 0.05382304918474144, 0.18782658075610387, 0.3082146248646603, 0.26567717551508735, 0.042201683432233086, 0.18353340950933442, 0.278622360598636, 0.19305579263800274, 0.06535705065177964, 0.040870761760349025, 0.030597817842223717, 0.06324576863496603, 0.19189397193246666, 0.28844516328789793, 0.21428341419177632, 0.008256368648529827, 0.24190126843462825, 0.2988025277226915, 0.19454552658209592, 0.06035567137815331, 0.004353266697024016, 0.02245615865490961, 0.019539145711329416], "frequency": [1179.9867644283731, 1096.7623003085089, 987.5182895587548, 900.8298312709785, 804.9811273789437, 710.2648121640478, 615.1673837848325, 521.8199345878054, 425.5027342065127, 331.43752847998206, 236.88726593904147, 143.20171570278757, 32.008457201432265, 70.91509236092803, 141.10046367708458, 235.52648663639778, 331.42652093002835, 425.42711045584355, 520.8252182841572, 615.485387703424, 710.2174905313825, 805.8549997678421, 899.4412247421022, 1003.3591556381346, 1110.0510355336187, 1188.1475572364036]}