{"dvals": [0.007, 0.0075, 0.008, 0.0085, 0.009000000000000001, 0.0095, 0.01, 0.0105, 0.011, 0.0115, 0.012, 0.0125, 0.013000000000000001, 0.013500000000000002, 0.014, 0.014499999999999999, 0.015, 0.0155, 0.016], "contrast": [0.2216910271135659, 0.2504947752947159, 0.271781929133782, 0.2814155233756446, 0.30588248163723875, 0.309638958832633, 0.31780168789131563, 0.3291944147288022, 0.33658982792193654, 0.33328668180192345, 0.3415714755259246, 0.333522604050525, 0.3292221272155019, 0.31772905601863877, 0.30791766144834026, 0.2915611623931977, 0.27704148023366365, 0.2563712471230301, 0.24011935013908914], "frequency": [975.6710652836356, 1044.4771503911013, 1114.9293647269333, 1185.4083134457483, 1254.243391198543, 1323.4175604225927, 1393.8099174541687, 1463.3057527734409, 1532.6248317124962, 1602.2539713214483, 1672.3683489620573, 1741.8634503538617, 1811.6909353173764, 1881.4850045284718, 1950.4457735772528, 2020.266007820183, 2090.1801243641826, 2159.5816005332354, 2229.695169433833]}