{"dvals": [0.007, 0.0075, 0.008, 0.0085, 0.009000000000000001, 0.0095, 0.01, 0.0105, 0.011, 0.0115, 0.012, 0.0125, 0.013000000000000001, 0.013500000000000002, 0.014, 0.014499999999999999, 0.015, 0.0155, 0.016], "contrast": [0.10032445706540091, 0.11052428362811784, 0.12031475173788223, 0.1295503768005629, 0.13809661345685514, 0.1458319772228442, 0.15264990168055032, 0.15846030011961137, 0.16319080658509966, 0.16678767776569187, 0.1692163439262353, 0.17046160400984423, 0.1705274669660092, 0.1694366481631488, 0.1672297362810616, 0.16396405222232463, 0.1597122272128207, 0.15456053227319266, 0.1486069955420257], "frequency": [828.5984848484849, 887.7840909090909, 946.9696969696971, 1006.155303030303, 1065.3409090909092, 1124.5265151515152, 1183.7121212121212, 1242.8977272727275, 1302.0833333333333, 1361.2689393939395, 1420.4545454545455, 1479.6401515151517, 1538.8257575757575, 1598.0113636363637, 1657.1969696969697, 1716.3825757575758, 1775.5681818181818, 1834.7537878787882, 1893.9393939393942]}