{"dvals": [0.007, 0.0075, 0.008, 0.0085, 0.009000000000000001, 0.0095, 0.01, 0.0105, 0.011, 0.0115, 0.012, 0.0125, 0.013000000000000001, 0.013500000000000002, 0.014, 0.014499999999999999, 0.015, 0.0155, 0.016], "contrast": [0.23263518108798725, 0.24984467052716433, 0.2830898292539469, 0.2843276250290953, 0.29963245021005563, 0.32560029997904105, 0.3209021498105718, 0.33912647774749494, 0.34218495521894976, 0.3409036778592348, 0.3372857640094734, 0.3306612110494598, 0.30801312073083853, 0.32478273313905576, 0.2981204646448268, 0.28861662595680504, 0.2710535309970387, 0.2607313558721164, 0.21437859389922273], "frequency": [974.4047103581873, 1044.1314957256386, 1116.219043615831, 1185.2401213086769, 1252.26643778142, 1321.7688645097958, 1391.9766354801852, 1463.0580705713783, 1533.3146131152682, 1600.9621614340922, 1672.9620528818957, 1741.6051862546421, 1810.8167687810167, 1882.2625418150903, 1950.3638879829243, 2022.3494444034557, 2090.223794503685, 2158.060807450211, 2229.479971096422]}