{"dvals": [0.007, 0.0075, 0.008, 0.0085, 0.009000000000000001, 0.0095, 0.01, 0.0105, 0.011, 0.0115, 0.012, 0.0125, 0.013000000000000001, 0.013500000000000002, 0.014, 0.014499999999999999, 0.015, 0.0155, 0.016], "contrast": [0.20612684282586805, 0.21062132467791825, 0.2376261869377327, 0.2550227152166672, 0.2775162927477477, 0.28323650799925437, 0.30610936182951126, 0.3073368579022435, 0.3250240906679424, 0.3250564285028074, 0.32917752109954873, 0.34957652649528864, 0.3413410949734694, 0.32982090025621263, 0.32662064424564174, 0.3171606056156454, 0.30939211988460874, 0.30400145112237803, 0.28945837183606626], "frequency": [828.7880973718144, 889.14317554644, 947.430730325597, 1005.6222361680119, 1066.3553059483968, 1124.097399180295, 1184.2720473479703, 1242.4503584771528, 1301.299319680706, 1361.0117665279056, 1421.1216626429352, 1478.9488986770143, 1538.622563309845, 1598.0701835526925, 1658.053959651925, 1716.1566137209102, 1776.2352996529235, 1834.9750670887975, 1894.6352164618993]}